INSERT INTO `kinoempire`.`Customers` (`E-mail`, `Name`, `Phone Number`) VALUES ('Hans@email.com', 'Hans Hansen', '1234567');
INSERT INTO `kinoempire`.`Customers` (`E-mail`, `Name`, `Phone Number`) VALUES ('Jens@email.com', 'Jens Jensen', '9876543');
INSERT INTO `kinoempire`.`Customers` (`E-mail`, `Name`, `Phone Number`) VALUES ('Peter@email.com', 'Peter Petersen', '0123456');
INSERT INTO `kinoempire`.`Customers` (`E-mail`, `Name`, `Phone Number`) VALUES ('Jan@email.com', 'Jan Jansen', '23232323');
INSERT INTO `kinoempire`.`Movies` (`Title`, `Genre`, `Length`, `Description`, `Release Date`, `Numbers Sold`, `Price 1`, `Price 2`, `Director`, `Copyright`, `Original Title`, `Versions`, `Age Restriction`) VALUES ('En Mand Der Hedder Ove', 'Drama', '116', 'x', '2016-05-26', '4', '80', '80', 'Hannes Holm', 'Nordisk Film', 'En Mand Som Heter Ove', '2D', '11');
INSERT INTO `kinoempire`.`Movies` (`Title`, `Genre`, `Length`, `Description`, `Release Date`, `Numbers Sold`, `Price 1`, `Price 2`, `Director`, `Copyright`, `Original Title`, `Versions`, `Age Restriction`) VALUES ('Warcraft', 'ADVENTURE', '123', 'x', '2016-05-26', '4', '80', '90', 'Duncan Jones', 'Universal Pictures', 'Warcraft', '3D, 2D, IMAX 3D', '11');
INSERT INTO `kinoempire`.`Shows` (`show_id`, `Title`, `Date`, `Time`, `Theater`) VALUES ('0', 'En Mand Der Hedder Ove', '26.05.2016', '1200', '1');
INSERT INTO `kinoempire`.`Shows` (`show_id`, `Title`, `Date`, `Time`, `Theater`) VALUES ('1', 'Warcraft', '26.05.2016', '1200', '2');
INSERT INTO `kinoempire`.`Shows` (`show_id`, `Title`, `Date`, `Time`, `Theater`) VALUES ('2', 'En Mand Der Hedder Ove', '26.05.2016', '1800', '1');
INSERT INTO `kinoempire`.`Shows` (`show_id`, `Title`, `Date`, `Time`, `Theater`) VALUES ('3', 'Warcraft', '26.05.2016', '1800', '2');
INSERT INTO `kinoempire`.`Shows` (`show_id`, `Title`, `Date`, `Time`, `Theater`) VALUES ('4', 'En Mand Der Hedder Ove', '27.05.2016', '1200', '2');
INSERT INTO `kinoempire`.`Shows` (`show_id`, `Title`, `Date`, `Time`, `Theater`) VALUES ('5', 'Warcraft', '27.05.2016', '1200', '1');
INSERT INTO `kinoempire`.`Shows` (`show_id`, `Title`, `Date`, `Time`, `Theater`) VALUES ('6', 'En Mand Der Hedder Ove', '27.05.2016', '1800', '2');
INSERT INTO `kinoempire`.`Shows` (`show_id`, `Title`, `Date`, `Time`, `Theater`) VALUES ('7', 'Warcraft', '27.05.2016', '1800', '1');
INSERT INTO `kinoempire`.`Log` (`sales_id`, `Show`, `Customer`, `Seat`, `Time`, `Status`) VALUES ('0', '0', 'Hans@email.com', '1', '1200', 'Sale');
INSERT INTO `kinoempire`.`Log` (`sales_id`, `Show`, `Customer`, `Seat`, `Time`, `Status`) VALUES ('1', '1', 'Jens@email.com', '2', '1200', 'Res');
INSERT INTO `kinoempire`.`Log` (`sales_id`, `Show`, `Customer`, `Seat`, `Time`, `Status`) VALUES ('2', '2', 'Peter@email.com', '3', '1800', 'Sale');
INSERT INTO `kinoempire`.`Log` (`sales_id`, `Show`, `Customer`, `Seat`, `Time`, `Status`) VALUES ('3', '3', 'Jan@email.com', '4', '1800', 'Res');
INSERT INTO `kinoempire`.`Log` (`sales_id`, `Show`, `Customer`, `Seat`, `Time`, `Status`) VALUES ('4', '7', 'Hans@email.com', '5', '1800', 'Res');
INSERT INTO `kinoempire`.`Log` (`sales_id`, `Show`, `Customer`, `Seat`, `Time`, `Status`) VALUES ('5', '6', 'Jens@email.com', '6', '1800', 'Sale');
INSERT INTO `kinoempire`.`Log` (`sales_id`, `Show`, `Customer`, `Seat`, `Time`, `Status`) VALUES ('6', '5', 'Peter@email.com', '7', '1200', 'Res');
INSERT INTO `kinoempire`.`Log` (`sales_id`, `Show`, `Customer`, `Seat`, `Time`, `Status`) VALUES ('7', '4', 'Jan@email.com', '8', '1200', 'Sale');
